Loan_ID,Gender,Married,Dependents,Education,Self_Employed,ApplicantIncome,CoapplicantIncome,LoanAmount,Loan_Amount_Term,Credit_History,Property_Area,Loan_Status
0,1,0,0,0,0,0.07299082285068836,-0.5544873301529852,-0.21124124943736647,0.2732312961117544,0.41173269183271005,2,1
1,1,1,1,0,0,-0.13441195378345122,-0.03873154846446157,-0.21124124943736647,0.2732312961117544,0.41173269183271005,0,0
2,1,1,0,0,1,-0.3937473372051281,-0.5544873301529852,-0.9489964681145835,0.2732312961117544,0.41173269183271005,2,1
3,1,1,0,1,0,-0.4620624697931504,0.2519796016915365,-0.3064354712021687,0.2732312961117544,0.41173269183271005,2,1
4,1,0,0,0,0,0.09772843680942066,-0.5544873301529852,-0.05655063906956289,0.2732312961117544,0.41173269183271005,2,1
5,1,1,2,0,1,0.0022183113925933404,0.8805997122641535,1.4427583537260718,0.2732312961117544,0.41173269183271005,2,1
6,1,1,0,1,0,-0.5030187842943628,-0.03599544352181688,-0.6039174142171756,0.2732312961117544,0.41173269183271005,2,1
7,1,1,3,0,0,-0.38784962791695354,0.30191351689480206,0.1457370821806418,0.2732312961117544,-2.428760260810931,1,0
8,1,1,2,0,0,-0.22893912765224944,-0.03257531234351103,0.26472985938664456,0.2732312961117544,0.41173269183271005,2,1
9,1,1,1,0,0,1.2184570268205968,3.196712546212882,2.4184991268152944,0.2732312961117544,0.41173269183271005,1,0
10,1,1,2,0,0,-0.3609822856041582,-0.31507814767157505,-0.9013993572321825,0.2732312961117544,0.41173269183271005,2,1
11,1,1,2,0,0,-0.4756599662075529,0.07481680665529297,-0.4373275261287717,0.2732312961117544,0.41173269183271005,2,1
12,1,1,2,0,0,-0.38178809337077413,2.2178710029817448,0.6455067464458534,0.2732312961117544,0.41173269183271005,2,1
13,1,0,0,0,0,-0.5816549081366906,0.41682992448587897,-0.3778311375257703,0.2732312961117544,0.41173269183271005,0,0
14,1,1,2,0,0,-0.6724141010713773,-0.18306108418896885,-1.532061076423997,-3.4548579441686273,0.41173269183271005,2,1
15,1,0,0,0,0,-0.07428808409567142,-0.5544873301529852,-0.2469390825991673,0.2732312961117544,0.41173269183271005,2,1
16,1,0,1,1,0,-0.29610748343423776,-0.5544873301529852,-0.5444210256141742,-1.5908133240284363,0.41173269183271005,2,1
17,0,0,0,0,0,-0.31019645562265485,-0.5544873301529852,-0.8300036909085807,0.2732312961117544,-2.428760260810931,2,0
18,1,1,0,1,0,-0.08460907534997694,-0.5544873301529852,-0.1517448608343651,0.2732312961117544,0.41173269183271005,0,0
19,1,1,0,0,0,-0.45927744040706797,0.6425585822540657,-0.36593185980517007,0.2732312961117544,0.41173269183271005,2,1
20,1,1,0,1,0,0.369678365097471,-0.5544873301529852,-0.49682391473177306,0.2732312961117544,-2.428760260810931,2,0
21,1,1,1,0,0,0.09035630019920242,1.3693364576440608,2.013923684314885,0.2732312961117544,0.41173269183271005,2,1
22,1,1,0,1,0,-0.45927744040706797,0.09909973802126458,-0.3540325820845698,0.2732312961117544,-2.428760260810931,1,0
23,1,1,2,1,0,-0.33395111803335803,0.10115181672824809,-0.4016296929669709,0.2732312961117544,-2.428760260810931,0,0
24,1,1,1,0,0,-0.27628462721565095,0.44590103950147875,0.06244213813643986,0.2732312961117544,0.41173269183271005,1,0
25,1,1,0,0,1,0.6809463553066852,-0.5544873301529852,0.5384132469604509,0.2732312961117544,0.41173269183271005,1,1
26,1,1,0,0,0,-0.4266762140641029,0.216068224319325,-0.2826369157609681,0.2732312961117544,0.41173269183271005,1,1
27,1,1,2,1,0,-0.19289757089118253,-0.19879368760917582,-0.4254282484081714,0.2732312961117544,0.41173269183271005,2,1
28,1,0,0,1,0,-0.6489870891766838,-0.5544873301529852,-1.317874077453192,0.2732312961117544,0.41173269183271005,2,0
29,0,0,2,0,0,-0.2708783937014909,0.15792599428812537,-0.3064354712021687,0.2732312961117544,0.41173269183271005,1,1
30,1,1,1,0,0,-0.2027270863714735,0.5977548638182589,0.6574060241664537,0.2732312961117544,0.41173269183271005,2,0
31,1,0,0,0,0,-0.36638851911831827,-0.5544873301529852,-0.8538022463497813,0.2732312961117544,0.41173269183271005,2,0
32,1,0,1,0,1,-0.11655500066092261,-0.5544873301529852,-0.4730253592905725,0.2732312961117544,0.41173269183271005,0,0
33,1,1,0,0,0,-0.3118347082027033,0.015648537270601597,-0.3778311375257703,0.2732312961117544,0.41173269183271005,1,1
34,1,0,3,0,0,1.162592613840943,0.4715520233387727,2.0734200729178864,0.2732312961117544,0.41173269183271005,0,0
35,1,1,0,0,0,-0.512520649258644,0.152453784402836,-0.21124124943736647,0.2732312961117544,0.41173269183271005,2,1
36,1,1,0,0,0,-0.5857505395868119,-0.09960988343830587,-0.5444210256141742,0.2732312961117544,-2.428760260810931,2,0
37,0,1,0,0,0,-0.28447589011589347,-0.055490191238160284,-0.020852805907762065,0.2732312961117544,0.41173269183271005,1,1
38,1,0,0,0,0,-0.2027270863714735,1.9114272494055395,0.45511830291624894,0.2732312961117544,0.41173269183271005,2,1
39,1,0,0,1,0,-0.2712060442175006,0.015990550388432185,-0.4254282484081714,0.2732312961117544,0.41173269183271005,1,1
40,1,0,0,0,0,-0.2954521824022184,-0.5544873301529852,-0.7824065800261797,0.2732312961117544,0.41173269183271005,2,0
41,1,0,0,0,0,-0.5903376468109477,-0.13962541822448443,-1.1750827448059888,0.2732312961117544,0.41173269183271005,2,1
42,1,1,0,0,0,-0.4920424920080379,-0.5544873301529852,-0.841902968629181,0.2732312961117544,0.41173269183271005,2,1
43,1,1,0,0,0,-0.23958776942256466,0.24445531309926363,-0.13984558311376483,0.2732312961117544,0.41173269183271005,1,1
44,1,1,0,1,1,-0.11606352488690806,-0.5544873301529852,-0.5920181364965753,0.2732312961117544,0.41173269183271005,2,1
45,0,0,0,0,0,-0.3265789814231398,-0.5544873301529852,-0.6872123582613775,0.2732312961117544,0.41173269183271005,2,1
46,1,1,1,0,0,0.04022577124971845,-0.5544873301529852,-1.2107805779677896,0.2732312961117544,0.41173269183271005,2,1
47,1,1,0,0,0,0.06840371562655258,-0.5544873301529852,-0.020852805907762065,0.2732312961117544,0.41173269183271005,2,1
48,0,1,0,0,0,-0.45190530379684973,0.6220377951842305,-0.3064354712021687,0.2732312961117544,-2.428760260810931,2,0
49,0,0,0,0,0,-0.22992207920027855,0.22359251291159787,-0.020852805907762065,0.2732312961117544,0.41173269183271005,1,1
50,0,1,0,1,0,-0.5693680137863268,0.00778223556049812,-0.5444210256141742,0.2732312961117544,0.41173269183271005,1,1
51,0,0,0,0,0,-0.3796583650167111,-0.5544873301529852,-0.3064354712021687,0.2732312961117544,0.41173269183271005,1,1
52,0,0,0,0,0,-0.19224226985916312,-0.5544873301529852,-0.4016296929669709,0.2732312961117544,0.41173269183271005,1,0
53,1,1,2,0,0,-0.1290057202692912,-0.5544873301529852,-0.13984558311376483,0.2732312961117544,0.41173269183271005,2,0
54,0,1,1,0,1,0.9987673558360934,-0.5544873301529852,1.6688446304174769,0.2732312961117544,-2.428760260810931,2,0
55,1,1,2,0,0,-0.4415843125425442,-0.1553580216446914,-0.580118858775975,0.2732312961117544,0.41173269183271005,1,1
56,1,1,0,0,0,-0.5359476611533376,-0.010344459684522937,-0.5920181364965753,0.2732312961117544,0.41173269183271005,1,1
57,1,1,0,0,0,-0.3337872927753532,0.19794152907430393,-0.12794630539316454,0.2732312961117544,0.41173269183271005,0,0
58,1,1,1,0,0,0.4384849734595078,0.21504218496583322,0.40752119203384785,0.2732312961117544,0.41173269183271005,2,1
59,1,1,2,1,0,-0.3352617200973968,0.4233281737246601,-0.020852805907762065,0.2732312961117544,0.41173269183271005,2,1
60,1,1,0,0,0,-0.4756599662075529,0.743794465131919,-0.3064354712021687,0.2732312961117544,0.41173269183271005,2,1
61,1,1,3,0,0,-0.38899640472298747,-0.5544873301529852,-0.5563203033347744,0.2732312961117544,0.41173269183271005,2,1
62,1,1,0,1,1,-0.4578030130850243,0.6251159132447058,0.2290320262248437,-2.5228356340985316,-2.428760260810931,0,0
63,1,1,1,0,0,-0.07510721038569566,-0.5544873301529852,-0.21124124943736647,0.2732312961117544,-2.428760260810931,0,0
64,0,0,0,0,0,-0.2027270863714735,-0.5544873301529852,-0.3540325820845698,0.2732312961117544,-2.428760260810931,1,0
65,1,1,0,0,0,0.052840316116091864,1.0170629462785572,1.3356648542406693,0.2732312961117544,0.41173269183271005,1,0
66,1,0,0,1,0,-0.3609822856041582,0.21641023743715557,-0.23503980487856702,-2.5228356340985316,-2.428760260810931,2,0
67,1,1,1,0,0,0.8758984123324562,-0.5544873301529852,1.9782258511530841,0.2732312961117544,0.41173269183271005,2,1
68,1,1,3,1,1,0.2779362206147552,-0.5544873301529852,-0.2469390825991673,-4.386880254238722,0.41173269183271005,2,1
69,0,0,0,0,0,-0.18077450179882365,-0.5544873301529852,-0.11604702767256427,0.2732312961117544,-2.428760260810931,1,0
70,1,1,0,0,0,-0.3596716835401194,0.4941248891155914,0.31232697026904566,0.2732312961117544,0.41173269183271005,2,1
71,1,1,2,1,1,-0.5780507524605839,0.08678726577936348,-0.580118858775975,0.2732312961117544,0.41173269183271005,1,1
72,1,0,0,0,0,-0.3118347082027033,-0.5544873301529852,-0.7705073023055794,-0.6587910139583409,0.41173269183271005,1,1
73,1,1,3,1,0,-0.10623400940661709,-0.5544873301529852,-0.6039174142171756,0.2732312961117544,-2.428760260810931,1,0
74,1,1,3,0,1,-0.02251930256613895,0.052243940878474296,0.49081613607804975,0.2732312961117544,0.41173269183271005,1,1
75,1,0,0,0,0,-0.2708783937014909,-0.5544873301529852,-0.3897304152463706,2.1372759162519452,0.41173269183271005,2,0
76,1,0,0,0,0,-0.2708783937014909,1.0700749795422981,0.35992408115144675,0.2732312961117544,0.41173269183271005,2,0
77,1,1,1,0,1,-0.7213978532148273,0.4790763119310456,-0.4254282484081714,0.2732312961117544,0.41173269183271005,2,0
78,1,1,3,0,0,-0.36638851911831827,0.8135651411693586,0.40752119203384785,-0.6587910139583409,-2.428760260810931,1,0
79,1,1,3,1,1,-0.3391935262895132,0.18631308306806402,-0.18744269399616592,0.2732312961117544,0.41173269183271005,1,1
80,0,0,0,0,0,-0.25515116893302536,-0.5544873301529852,-0.41352897068757116,0.2732312961117544,0.41173269183271005,1,1
81,1,1,1,0,1,-0.49286161829806213,-0.5544873301529852,-0.21124124943736647,0.2732312961117544,0.41173269183271005,1,1
82,0,1,2,0,0,-0.6594719056889942,0.088839344486347,0.2528305816660443,0.2732312961117544,0.41173269183271005,2,0
83,1,1,0,0,0,0.09772843680942066,0.21504218496583322,1.4189597982848712,0.2732312961117544,0.41173269183271005,1,0
84,1,1,1,0,0,-0.23188798229633673,-0.5544873301529852,-1.1393849116441879,-1.5908133240284363,0.41173269183271005,2,1
85,1,0,0,0,0,-0.4976125507802028,0.3111478710762279,-0.11604702767256427,0.2732312961117544,0.41173269183271005,1,1
86,1,1,2,1,0,-0.3391935262895132,0.12953890550818672,-0.5563203033347744,0.2732312961117544,0.41173269183271005,1,1
87,1,1,0,0,0,-0.4756599662075529,0.16989645341219586,-0.49682391473177306,0.2732312961117544,0.41173269183271005,1,1
88,1,0,0,0,0,0.5181040488498647,-0.5544873301529852,0.7644995236518561,0.2732312961117544,0.41173269183271005,2,1
89,1,1,0,0,0,0.047761733117941525,0.8706813318470665,0.34802480343084646,0.2732312961117544,0.41173269183271005,1,1
90,1,1,0,0,0,-0.4006279980413318,0.43735071155571414,-0.17554341627556563,0.2732312961117544,0.41173269183271005,1,1
91,1,1,2,0,0,0.13868475131063304,1.3792548380611478,0.50271541379865,-2.5228356340985316,0.41173269183271005,1,1
92,1,1,2,1,0,-0.3490230417698042,0.06797654429868126,-0.7705073023055794,0.2732312961117544,0.41173269183271005,2,1
93,1,0,0,0,0,-0.20813331988563355,-0.5544873301529852,-0.2826369157609681,0.2732312961117544,0.41173269183271005,1,1
94,1,0,0,1,0,-0.2921756772421214,-0.5544873301529852,-1.4368668546591947,-3.4548579441686273,0.41173269183271005,1,1
95,1,0,0,0,0,0.22583978856921302,-0.5544873301529852,-0.21124124943736647,0.2732312961117544,0.41173269183271005,2,0
96,0,1,0,0,0,-0.4782811703356305,0.2328268670930237,-0.10414774995196399,0.2732312961117544,0.41173269183271005,1,1
97,1,1,0,0,0,-0.5613405761440893,-0.213500251675891,-1.1393849116441879,0.2732312961117544,0.41173269183271005,1,1
98,1,1,0,1,0,-0.19912293069536682,-0.5544873301529852,-0.36593185980517007,-2.5228356340985316,0.41173269183271005,1,1
99,1,1,0,0,0,-0.5970544823891465,0.6565811200851197,-0.17554341627556563,0.2732312961117544,0.41173269183271005,1,1
100,1,1,2,1,0,-0.18274040489488186,0.5615014733282169,-0.1517448608343651,-2.5228356340985316,0.41173269183271005,2,1
101,1,0,0,0,0,-0.09181738670219032,0.7472145963102249,0.06244213813643986,0.2732312961117544,0.41173269183271005,1,1
102,1,1,0,0,0,1.35099166054652,-0.5544873301529852,-0.21124124943736647,0.2732312961117544,0.41173269183271005,2,1
103,1,1,0,0,0,-0.1231080109811166,0.6709456710340044,-0.21124124943736647,0.2732312961117544,0.41173269183271005,1,1
104,1,1,0,0,0,-0.26006592667317086,-0.2966094393087234,0.16953563762184234,0.2732312961117544,0.41173269183271005,2,1
105,1,1,1,0,0,-0.38522842378887595,-0.20221381878748168,-0.5444210256141742,0.2732312961117544,0.41173269183271005,2,1
106,1,1,2,0,0,0.9851698594216909,-0.16938055947574543,0.9429886894608602,0.2732312961117544,0.41173269183271005,2,1
107,1,0,0,1,0,0.31610750572988516,-0.5544873301529852,-0.3064354712021687,0.2732312961117544,0.41173269183271005,0,0
108,1,1,2,0,0,-0.26268713080124845,0.6767598940371243,0.8358951899754578,0.2732312961117544,-2.428760260810931,2,0
109,1,1,3,1,0,-0.5459410018916334,-0.2966094393087234,-0.6158166919377758,2.1372759162519452,0.41173269183271005,1,1
110,1,0,0,0,0,-0.014328039665896469,-0.5544873301529852,-0.11604702767256427,0.2732312961117544,0.41173269183271005,2,1
111,0,1,0,0,0,-0.40537893052347246,0.24342927374577186,-0.08034919451076344,0.2732312961117544,0.41173269183271005,1,1
112,1,1,0,1,0,-0.3000392896263542,0.8525546366020454,0.07434141585704014,0.2732312961117544,-2.428760260810931,0,0
113,0,0,1,0,1,0.33543888617445744,-0.5544873301529852,-0.21124124943736647,0.2732312961117544,0.41173269183271005,1,1
114,1,0,0,0,0,-0.05790555829518646,-0.5544873301529852,-0.3302340266433692,0.2732312961117544,0.41173269183271005,1,1
115,1,1,1,0,0,1.5038406262650446,-0.5544873301529852,0.4670175806368492,-2.5228356340985316,0.41173269183271005,0,1
116,0,1,0,0,0,-0.36638851911831827,0.22632861785424258,0.09813997129824069,0.2732312961117544,0.41173269183271005,1,1
117,1,1,1,0,0,-0.5225139899969399,-0.07635299142582604,-0.7229101914231782,0.2732312961117544,0.41173269183271005,2,1
118,1,1,0,0,0,0.02695592535132563,0.17810476824012994,0.34802480343084646,0.2732312961117544,0.41173269183271005,0,0
119,0,0,0,0,0,0.8198701740947977,-0.5544873301529852,1.3475641319612697,0.2732312961117544,0.41173269183271005,2,1
120,1,1,0,0,0,0.04317462589380574,0.3576616551011876,0.40752119203384785,0.2732312961117544,0.41173269183271005,0,1
121,0,0,0,0,0,-0.2027270863714735,-0.5544873301529852,-1.2107805779677896,0.2732312961117544,0.41173269183271005,1,1
122,0,0,0,0,0,-0.5351285348633134,2.5167904679656767,-0.10414774995196399,0.2732312961117544,-2.428760260810931,1,1
123,1,1,2,0,0,-0.40079182329933666,-0.5544873301529852,-0.7705073023055794,0.2732312961117544,0.41173269183271005,1,1
124,1,1,0,1,0,-0.18077450179882365,0.13432708915781494,0.5741110801222516,0.2732312961117544,0.41173269183271005,0,1
125,0,0,0,0,0,-0.2803802586657722,-0.5544873301529852,-0.6277159696583761,0.2732312961117544,0.41173269183271005,0,1
126,1,1,3,0,0,3.014309505069758,-0.5544873301529852,2.6683839589479,0.2732312961117544,0.41173269183271005,0,1
127,1,0,0,0,0,-0.25203848903093323,0.006414183089175776,-0.21124124943736647,0.2732312961117544,0.41173269183271005,0,1
128,1,1,1,0,1,0.8370718261853068,0.7622631734947707,0.16953563762184234,-2.5228356340985316,-2.428760260810931,2,0
129,1,1,0,0,0,0.11083445744980862,0.32414436955379017,0.43131974747504837,0.2732312961117544,0.41173269183271005,0,0
130,1,0,0,0,1,2.4184770417061197,-0.5544873301529852,6.000181720715977,2.1372759162519452,0.41173269183271005,2,1
131,1,0,0,0,0,-0.5552790415979099,0.10525597414221513,-0.8538022463497813,0.2732312961117544,0.41173269183271005,2,1
132,1,0,0,0,0,-0.4399460599624957,-0.5544873301529852,-0.9013993572321825,0.2732312961117544,0.41173269183271005,1,1
133,1,1,0,0,1,-0.31855154378090217,-0.5544873301529852,-1.4368668546591947,-3.4548579441686273,0.41173269183271005,1,1
134,1,0,0,0,0,-0.08329847328593815,-0.5544873301529852,-0.5206224701729736,0.2732312961117544,0.41173269183271005,1,1
135,1,1,3,0,0,-0.22992207920027855,2.096114333034056,1.716441741299878,0.2732312961117544,0.41173269183271005,1,0
136,0,1,0,0,0,-0.13441195378345122,-0.5544873301529852,-0.7348094691437785,0.2732312961117544,0.41173269183271005,0,0
137,1,1,2,0,1,-0.34197855567559565,0.6425585822540657,-0.6872123582613775,0.2732312961117544,0.41173269183271005,2,1
138,1,0,0,0,0,1.571991933595062,-0.5544873301529852,1.145276410711065,0.2732312961117544,-2.428760260810931,1,0
139,1,1,2,1,0,-0.19715702759930862,-0.06540857165524729,-0.19934197171676618,0.2732312961117544,0.41173269183271005,0,0
140,1,1,2,0,0,-0.05921616035922526,0.15792599428812537,0.4670175806368492,0.2732312961117544,0.41173269183271005,0,0
141,1,0,0,0,0,0.0022183113925933404,-0.5544873301529852,0.26472985938664456,0.2732312961117544,0.41173269183271005,2,1
142,1,0,0,0,1,0.25336243191402774,-0.5544873301529852,0.34802480343084646,-2.5228356340985316,0.41173269183271005,1,1
143,1,1,0,0,0,-0.4432225651225927,0.14116735151442666,-0.2826369157609681,0.2732312961117544,0.41173269183271005,1,1
144,1,1,2,0,0,1.0408704471433399,-0.5544873301529852,0.49081613607804975,-2.5228356340985316,0.41173269183271005,2,1
145,0,1,0,0,0,-0.5035102600683774,0.9797835164350234,-0.5444210256141742,0.2732312961117544,0.41173269183271005,1,1
146,0,1,2,0,0,1.550203174280417,-0.5544873301529852,-0.9013993572321825,0.2732312961117544,0.41173269183271005,2,1
147,1,1,1,0,0,-0.6332598644082182,-0.06711863724440022,-1.3773704660561934,0.2732312961117544,0.41173269183271005,2,1
148,0,0,0,0,0,0.753029468828819,0.015306524152771011,0.9429886894608602,0.2732312961117544,0.41173269183271005,0,0
149,1,1,0,0,0,-0.08903235731610788,-0.2706164423535989,-0.2469390825991673,0.2732312961117544,0.41173269183271005,1,1
150,1,0,0,0,0,0.143108033276764,-0.5544873301529852,-0.3302340266433692,0.2732312961117544,-2.428760260810931,0,0
151,1,1,0,0,1,-0.4630454213411795,0.7280618617117122,0.07434141585704014,0.2732312961117544,0.41173269183271005,0,1
152,1,0,0,0,0,0.6163992036527745,-0.5544873301529852,1.1690749661522655,0.2732312961117544,0.41173269183271005,2,0
153,1,1,2,1,0,-0.511537697710615,-0.5544873301529852,-0.3897304152463706,0.2732312961117544,0.41173269183271005,0,0
154,1,0,0,0,0,-0.35213572167189633,-0.5544873301529852,-1.1393849116441879,0.2732312961117544,0.41173269183271005,2,1
155,1,1,3,0,0,5.667623383716302,-0.5544873301529852,5.405217834685963,-2.5228356340985316,-2.428760260810931,1,1
156,1,1,1,0,0,0.09772843680942066,-0.5544873301529852,0.16953563762184234,0.2732312961117544,0.41173269183271005,0,1
157,1,1,1,0,0,0.6773421996305785,-0.5544873301529852,0.49081613607804975,0.2732312961117544,0.41173269183271005,2,1
158,1,0,0,0,0,-0.39702384236522514,0.15792599428812537,-0.3064354712021687,0.2732312961117544,0.41173269183271005,0,1
159,1,1,0,0,0,-0.13441195378345122,1.3693364576440608,1.2999670210788685,0.2732312961117544,0.41173269183271005,1,1
160,1,1,0,1,0,-0.5800166555566422,-0.19845167449134524,-0.5682195810553747,0.2732312961117544,0.41173269183271005,1,1
161,1,1,0,0,0,0.4144026605327949,-0.5544873301529852,1.537952575490874,0.2732312961117544,0.41173269183271005,2,0
162,1,1,1,0,0,-0.37916688924269654,-0.11671053932983518,-0.2945361934815684,0.2732312961117544,-2.428760260810931,1,0
163,1,1,2,0,0,-0.20256326111346865,-0.059594348652127316,0.1457370821806418,0.2732312961117544,0.41173269183271005,0,1
164,1,1,0,0,0,0.6421197691595358,-0.5544873301529852,-0.841902968629181,-2.5228356340985316,0.41173269183271005,2,1
165,1,1,0,0,0,-0.27792287979569946,0.52832620089865,0.43131974747504837,0.2732312961117544,0.41173269183271005,0,1
166,0,1,0,0,0,-0.13441195378345122,-0.5544873301529852,-0.4016296929669709,0.2732312961117544,0.41173269183271005,0,0
167,1,1,0,0,0,-0.48565330694584874,0.5854423915763578,-0.19934197171676618,0.2732312961117544,0.41173269183271005,0,1
168,1,0,0,0,0,-0.5187460090628284,-0.5544873301529852,-0.9846943012763844,2.1372759162519452,-2.428760260810931,1,0
169,1,1,2,0,0,0.42537895281911986,-0.5544873301529852,0.6455067464458534,0.2732312961117544,0.41173269183271005,1,1
170,1,1,0,1,0,-0.5870611416508507,0.05053387528932137,-0.6039174142171756,0.2732312961117544,0.41173269183271005,0,1
171,1,1,3,0,0,7.594863718885352,-0.5544873301529852,6.59514560674599,-0.6587910139583409,0.41173269183271005,2,1
172,1,1,3,1,0,-0.30823055252659665,-0.5544873301529852,-0.7705073023055794,-2.5228356340985316,0.41173269183271005,0,0
173,1,1,0,0,0,0.04989146147200457,1.3693364576440608,0.49081613607804975,0.2732312961117544,0.41173269183271005,1,1
174,1,1,0,1,1,-0.17356619044661029,-0.302765675429674,-0.6991116359819778,0.2732312961117544,0.41173269183271005,1,0
175,1,1,0,0,0,-0.31232618397671785,0.11722643326628564,-0.3540325820845698,0.2732312961117544,0.41173269183271005,0,1
176,1,1,2,0,0,-0.5502004585997595,-0.0007680923852665297,-0.5325217478935739,0.2732312961117544,0.41173269183271005,0,1
177,1,1,3,0,0,0.01843701193507345,3.3102609013326365,4.155793674022934,0.2732312961117544,-2.428760260810931,1,0
178,1,1,1,0,0,-0.2708783937014909,-0.5544873301529852,-0.3540325820845698,0.2732312961117544,0.41173269183271005,1,1
179,1,0,0,1,0,-0.5030187842943628,-0.05822629618080497,-0.5206224701729736,2.1372759162519452,-2.428760260810931,2,0
180,1,1,1,0,0,0.1632585400113605,1.925107774118763,0.40752119203384785,0.2732312961117544,-2.428760260810931,2,0
181,1,0,0,0,0,-0.5713339168823851,1.1771250854232715,-0.9370971903939832,0.2732312961117544,0.41173269183271005,0,0
182,1,1,0,0,0,-0.13162692439736878,-0.5544873301529852,-0.8657015240703816,-2.5228356340985316,0.41173269183271005,1,1
183,1,1,1,0,0,4.659606571212462,-0.5544873301529852,1.3594634096818698,0.2732312961117544,0.41173269183271005,1,0
184,0,1,0,0,0,-0.2913565509520971,-0.5544873301529852,-0.44922680384937197,0.2732312961117544,0.41173269183271005,1,1
185,1,1,0,0,1,5.52804426389617,1.0700749795422981,-0.3064354712021687,0.2732312961117544,0.41173269183271005,1,1
186,1,1,1,0,1,-0.5284116992851144,-0.5544873301529852,-0.9489964681145835,-0.6587910139583409,-2.428760260810931,0,0
187,1,1,0,0,0,-0.49482752139412034,0.1767367157688076,-1.0441906898793858,0.2732312961117544,0.41173269183271005,0,1
188,1,1,0,0,1,-0.7748048873244083,1.256814141877798,0.26472985938664456,0.2732312961117544,0.41173269183271005,0,1
189,1,1,0,0,0,0.6429388954495601,-0.5544873301529852,0.50271541379865,-2.5228356340985316,0.41173269183271005,0,1
190,1,0,0,1,0,-0.08493672586598665,-0.5544873301529852,-1.1631834670853884,0.2732312961117544,0.41173269183271005,0,1
191,1,0,0,0,0,1.0806799848385182,-0.5544873301529852,0.21713274850424344,0.2732312961117544,0.41173269183271005,1,0
192,1,1,0,1,0,0.10313467032358069,-0.5544873301529852,0.16953563762184234,0.2732312961117544,0.41173269183271005,2,0
193,1,0,0,0,0,-0.25318526583696715,-0.5544873301529852,-0.8300036909085807,0.2732312961117544,0.41173269183271005,1,1
194,1,0,0,0,0,-0.19863145492135226,-0.5544873301529852,-0.3064354712021687,0.2732312961117544,0.41173269183271005,0,1
195,1,1,1,0,0,-0.3732691799545219,0.32893255320341835,0.2885284148278451,0.2732312961117544,0.41173269183271005,1,0
196,1,0,0,0,0,0.47993276373473476,0.7280618617117122,0.49081613607804975,0.2732312961117544,0.41173269183271005,0,1
197,0,0,0,1,0,-0.5728083442044287,0.25437369351635064,-0.3064354712021687,0.2732312961117544,0.41173269183271005,2,1
198,0,1,0,0,0,-0.3255960298751107,0.4086216096579449,-0.3897304152463706,0.2732312961117544,0.41173269183271005,1,1
199,1,0,0,0,1,0.9168547268336686,-0.5544873301529852,-0.7467087468643788,0.2732312961117544,0.41173269183271005,2,0
200,1,1,1,1,0,-0.45927744040706797,0.30054546442347974,-0.6634138028201769,0.2732312961117544,0.41173269183271005,1,1
201,1,0,2,0,0,-0.07871136606180236,-0.5544873301529852,0.240931303945444,0.2732312961117544,-2.428760260810931,1,1
202,1,1,3,1,0,-0.23123268126431734,-0.5544873301529852,-0.21124124943736647,-2.5228356340985316,0.41173269183271005,2,0
203,1,1,1,1,0,-0.3118347082027033,-0.18408712354246062,-0.12794630539316454,0.2732312961117544,0.41173269183271005,2,1
204,1,1,2,1,0,-0.24351957561468104,-0.5544873301529852,-0.2588383603197676,0.2732312961117544,0.41173269183271005,1,1
205,0,0,0,1,0,-0.1630813739342999,-0.5544873301529852,-0.3064354712021687,0.2732312961117544,0.41173269183271005,1,1
206,0,0,0,0,0,-0.35377397425194484,-0.5544873301529852,-0.7824065800261797,0.2732312961117544,0.41173269183271005,2,1
207,1,0,0,1,0,-0.23401771065039978,0.3111478710762279,-1.0798885230411865,0.2732312961117544,0.41173269183271005,0,1
208,1,0,0,0,0,-0.4791002966256548,-0.5544873301529852,-1.0322914121587854,0.2732312961117544,0.41173269183271005,2,1
209,1,0,0,0,0,-0.325268379359101,-0.5544873301529852,-0.22314052715796673,0.2732312961117544,0.41173269183271005,1,0
210,0,0,0,0,0,0.753029468828819,-0.5544873301529852,0.8120966345342572,0.2732312961117544,0.41173269183271005,1,0
211,1,1,3,0,0,-0.3233024762630428,-0.12697093286475275,-0.21124124943736647,0.2732312961117544,-2.428760260810931,1,0
212,1,1,1,0,1,0.3904841728640869,-0.5544873301529852,1.1214778552698643,0.2732312961117544,0.41173269183271005,2,1
213,1,1,3,1,1,0.04907233518198032,-0.5544873301529852,-0.18744269399616592,0.2732312961117544,0.41173269183271005,0,1
214,1,1,0,0,0,-0.36540556757028914,0.478734298813215,-0.10414774995196399,0.2732312961117544,0.41173269183271005,2,1
215,1,1,3,1,0,-0.254495867901006,-0.21828843532551923,-0.5444210256141742,0.2732312961117544,0.41173269183271005,1,1
216,1,1,0,0,0,-0.8606493225189494,0.061136281942069534,-0.12794630539316454,0.2732312961117544,0.41173269183271005,0,0
217,1,1,0,0,0,-0.2746463746356025,0.052585953996304884,-0.17554341627556563,0.2732312961117544,0.41173269183271005,1,1
218,1,1,2,0,0,-0.06609682119542894,-0.5544873301529852,-0.8776008017909819,0.2732312961117544,-2.428760260810931,1,0
219,0,1,2,0,0,-0.1835595311849061,0.26052992963730115,-0.22314052715796673,0.2732312961117544,0.41173269183271005,1,1
220,1,1,0,0,0,-0.521367213190906,-0.5544873301529852,-1.0203921344381852,0.2732312961117544,-2.428760260810931,2,0
221,1,1,2,0,0,-0.22844765187823488,0.032749193162130895,-0.3540325820845698,0.2732312961117544,0.41173269183271005,1,1
222,1,0,0,0,0,-0.39849826968726876,0.40007128171218026,-0.020852805907762065,0.2732312961117544,0.41173269183271005,1,1
223,1,1,0,0,0,0.35624469394107333,-0.2090540811440934,0.34802480343084646,0.2732312961117544,0.41173269183271005,1,1
224,1,1,0,0,0,0.13868475131063304,-0.5544873301529852,-0.21124124943736647,0.2732312961117544,0.41173269183271005,1,1
225,1,1,0,0,0,-0.3527910227039157,-0.5544873301529852,0.2885284148278451,0.2732312961117544,0.41173269183271005,0,0
226,1,1,0,1,1,-0.10951051456671408,-0.5544873301529852,-0.09224847223136372,0.2732312961117544,0.41173269183271005,2,0
227,1,1,2,0,0,0.13868475131063304,0.025224904569858004,0.7644995236518561,0.2732312961117544,0.41173269183271005,1,1
228,1,1,0,0,0,-0.10574253363260254,-0.5544873301529852,0.1457370821806418,2.1372759162519452,0.41173269183271005,1,1
229,1,0,0,0,1,0.1632585400113605,-0.5544873301529852,0.6455067464458534,0.2732312961117544,0.41173269183271005,0,1
230,1,1,1,0,0,-0.4771343935295966,0.14800761387103836,-0.49682391473177306,0.2732312961117544,0.41173269183271005,1,1
231,1,1,0,0,0,-0.2764484524736558,-0.5544873301529852,-1.2345791334089902,-2.5228356340985316,0.41173269183271005,0,1
232,1,0,0,1,0,-0.36278436344221154,0.33406274997087715,-0.3064354712021687,0.2732312961117544,0.41173269183271005,0,1
233,0,0,0,0,0,0.47993276373473476,-0.5544873301529852,1.5974489640938754,0.2732312961117544,0.41173269183271005,1,1
234,1,1,1,0,0,-0.3683544222143764,0.05395400646762723,-0.06844991679016317,0.2732312961117544,0.41173269183271005,1,1
235,1,1,1,0,0,0.015815807806995857,-0.1235508016864469,0.2885284148278451,0.2732312961117544,0.41173269183271005,0,1
236,1,1,0,0,0,0.056116821276188854,-0.5544873301529852,1.2999670210788685,0.2732312961117544,0.41173269183271005,2,0
237,0,0,0,0,1,-0.3178962427488828,-0.5544873301529852,-0.2826369157609681,0.2732312961117544,0.41173269183271005,2,1
238,0,0,1,0,0,-0.26072122770519024,-0.5544873301529852,-0.4016296929669709,0.2732312961117544,0.41173269183271005,0,1
239,1,1,1,0,0,-0.3421423809336005,-0.5544873301529852,-0.5920181364965753,0.2732312961117544,0.41173269183271005,1,1
240,1,1,2,0,0,0.06807606511054287,1.1555782589999446,-0.3064354712021687,0.2732312961117544,0.41173269183271005,0,1
241,1,1,1,1,0,-0.47402171362750445,0.12372468250506677,-0.06844991679016317,-2.5228356340985316,0.41173269183271005,2,0
242,1,0,0,0,0,-0.3994812212352979,1.3953294545991854,0.11003924901884096,-4.386880254238722,0.41173269183271005,2,1
243,1,1,2,0,1,0.13868475131063304,-0.10987027697322346,-0.44922680384937197,0.2732312961117544,0.41173269183271005,0,1
244,1,1,0,1,0,-0.3272342824551592,0.956184611304713,-0.2707376380403678,0.2732312961117544,0.41173269183271005,1,1
245,1,0,0,0,1,0.10591969970966313,0.9274555094069438,-0.3064354712021687,-2.5228356340985316,0.41173269183271005,2,0
246,1,1,2,0,0,0.7043733672013787,-0.5544873301529852,-0.4016296929669709,0.2732312961117544,0.41173269183271005,2,1
247,1,1,1,1,0,0.1973341936763692,-0.5544873301529852,-0.10414774995196399,-2.5228356340985316,0.41173269183271005,2,1
248,1,1,1,0,0,-0.4130787176497004,0.07584284600878473,-0.2707376380403678,2.1372759162519452,0.41173269183271005,1,1
249,1,1,0,0,0,-0.588863219488904,0.08439317395454939,-0.6634138028201769,0.2732312961117544,0.41173269183271005,2,1
250,1,1,0,1,0,-0.6119625808675878,0.7759436982079941,0.6574060241664537,0.2732312961117544,-2.428760260810931,1,0
251,0,0,2,0,0,-0.32379395203705735,-0.5544873301529852,-0.09224847223136372,0.2732312961117544,0.41173269183271005,2,0
252,1,0,0,1,1,-0.4620624697931504,0.1866550961858946,-0.49682391473177306,0.2732312961117544,0.41173269183271005,0,1
253,1,1,1,1,0,-0.44928409966877214,1.8741478195620058,1.585549686373275,-2.5228356340985316,0.41173269183271005,1,1
254,1,0,0,0,1,1.7769373313591288,-0.5544873301529852,0.5503125246810512,0.2732312961117544,-2.428760260810931,2,0
255,0,0,3,0,0,-0.3801498407907256,-0.5544873301529852,1.2999670210788685,0.2732312961117544,0.41173269183271005,0,1
256,1,0,0,1,0,0.10510057341963888,-0.5544873301529852,-0.36593185980517007,0.2732312961117544,-2.428760260810931,0,0
257,1,1,3,0,0,-0.025140506694216542,-0.5544873301529852,-0.6158166919377758,0.2732312961117544,0.41173269183271005,2,0
258,1,1,0,0,0,1.5202231520655296,0.16374021729124533,1.8830316293882818,0.2732312961117544,0.41173269183271005,0,0
259,1,1,3,1,0,-0.07740076399776356,-0.5544873301529852,-0.21124124943736647,0.2732312961117544,0.41173269183271005,1,0
260,1,1,1,0,0,0.11132593322382317,0.8990684206270051,2.192412850123889,0.2732312961117544,0.41173269183271005,2,1
261,1,0,0,0,0,-0.5477430797296867,0.2010196471347792,-0.13984558311376483,0.2732312961117544,0.41173269183271005,1,1
262,0,0,1,0,0,-0.31494738810479544,-0.5544873301529852,0.11003924901884096,-4.759689178266761,0.41173269183271005,1,0
263,0,0,0,0,0,0.29431874641524014,-0.5544873301529852,-0.3064354712021687,0.2732312961117544,0.41173269183271005,0,1
264,1,0,0,0,1,-0.03890182836662391,-0.5544873301529852,-0.21124124943736647,0.2732312961117544,0.41173269183271005,1,1
265,1,0,0,0,0,-0.2143586796898178,0.6244318870090446,0.06244213813643986,0.2732312961117544,0.41173269183271005,0,1
266,1,1,2,0,0,-0.11393379653284502,-0.08011513572196248,0.05054286041583959,0.2732312961117544,0.41173269183271005,1,1
267,1,1,3,0,0,-0.17536826828466362,0.06489842623820598,0.16953563762184234,0.2732312961117544,-2.428760260810931,2,1
268,0,0,0,0,0,-0.325268379359101,-0.5544873301529852,-0.12794630539316454,0.2732312961117544,0.41173269183271005,0,0
269,0,0,1,0,0,-0.41406166919772946,-0.0209468663372711,-0.6634138028201769,0.2732312961117544,0.41173269183271005,2,1
270,0,0,0,0,0,-0.35492075105797877,-0.5544873301529852,-1.3773704660561934,0.2732312961117544,0.41173269183271005,2,1
271,1,1,0,0,0,0.9407732145023766,-0.5544873301529852,-0.11604702767256427,0.2732312961117544,0.41173269183271005,2,1
272,1,0,0,0,0,-0.421106155291938,0.08063102965841293,-0.23503980487856702,0.2732312961117544,0.41173269183271005,0,1
273,1,1,0,0,0,-0.456000935246971,0.2058078307844074,0.05054286041583959,0.2732312961117544,0.41173269183271005,1,1
274,1,1,2,0,0,-0.24630460500076348,-0.5544873301529852,-0.6634138028201769,0.2732312961117544,0.41173269183271005,1,1
275,1,1,1,0,0,-0.4347036517063405,0.07550083289095415,-0.36593185980517007,0.2732312961117544,0.41173269183271005,1,1
276,1,1,0,0,0,-0.23106885600631247,0.5652636176243533,0.7288016904900553,0.2732312961117544,0.41173269183271005,1,1
277,1,1,0,0,0,-0.37687333563062864,-0.10987027697322346,-0.7824065800261797,0.2732312961117544,0.41173269183271005,2,1
278,1,1,0,0,0,1.5038406262650446,-0.5544873301529852,3.4537362885075185,0.2732312961117544,0.41173269183271005,1,1
279,0,1,0,1,0,-0.21353955339979358,-0.5544873301529852,-0.2588383603197676,0.2732312961117544,0.41173269183271005,0,1
280,1,0,1,1,1,-0.2212393405260215,0.27523649370401637,0.1457370821806418,0.2732312961117544,-2.428760260810931,2,0
281,1,1,0,0,0,-0.24188132303463256,-0.2808768358885165,-0.4016296929669709,0.2732312961117544,0.41173269183271005,1,1
282,1,1,2,0,0,-0.5082611925505179,-0.21733080276815359,-0.8062051354673803,-2.5228356340985316,0.41173269183271005,2,1
283,0,0,0,0,0,-0.5885355689728943,0.015306524152771011,-1.0917878007617867,0.2732312961117544,0.41173269183271005,2,1
284,1,1,0,0,0,2.5005534959665496,-0.5544873301529852,-0.21124124943736647,0.2732312961117544,0.41173269183271005,0,0
285,1,0,0,0,0,-0.3678629464403619,0.48967871858379375,-0.6753130805407772,0.2732312961117544,0.41173269183271005,0,1
286,0,0,0,0,1,-0.45927744040706797,0.032749193162130895,-0.5563203033347744,-0.6587910139583409,0.41173269183271005,1,0
287,1,1,0,0,0,-0.278414355569714,0.12953890550818672,-0.3064354712021687,0.2732312961117544,0.41173269183271005,0,1
288,0,0,0,0,0,-0.2096077472076772,-0.5544873301529852,-0.36593185980517007,0.2732312961117544,0.41173269183271005,1,1
289,1,0,0,0,0,0.672427441890433,-0.5544873301529852,0.49081613607804975,0.2732312961117544,0.41173269183271005,0,1
290,1,1,0,0,0,-0.3814604428547644,0.2718163625257105,-0.08034919451076344,0.2732312961117544,0.41173269183271005,0,1
291,1,1,2,0,0,-0.16439197599833869,-0.5544873301529852,-0.22314052715796673,0.2732312961117544,-2.428760260810931,1,0
292,1,1,2,0,0,-0.3686820727303861,-0.0209468663372711,-0.13984558311376483,0.2732312961117544,0.41173269183271005,2,1
293,0,0,0,0,0,0.0022183113925933404,-0.5544873301529852,-0.03275208362836234,2.1372759162519452,-2.428760260810931,2,0
294,1,1,0,0,0,-0.49482752139412034,0.5857844046941885,0.31232697026904566,0.2732312961117544,0.41173269183271005,1,1
295,1,1,3,0,0,-0.1617707718702611,-0.12697093286475275,-0.4254282484081714,0.2732312961117544,0.41173269183271005,2,1
296,1,1,1,0,0,0.24107553756366404,-0.5544873301529852,0.6455067464458534,0.2732312961117544,0.41173269183271005,1,1
297,0,1,1,0,0,-0.12081445736904871,-0.5544873301529852,-0.12794630539316454,0.2732312961117544,0.41173269183271005,2,1
298,0,0,0,0,0,-0.06609682119542894,0.31456800225453374,0.06244213813643986,2.1372759162519452,0.41173269183271005,0,0
299,1,1,1,0,0,-0.5552790415979099,0.44590103950147875,-0.3897304152463706,0.2732312961117544,0.41173269183271005,2,0
300,1,1,0,1,0,-0.5903376468109477,0.44897915756195406,-0.6277159696583761,0.2732312961117544,-2.428760260810931,2,0
301,1,1,0,1,0,-0.4142254944557343,0.04403562605054023,-0.4849246370111728,0.2732312961117544,0.41173269183271005,1,1
302,0,0,0,0,0,-0.06609682119542894,-0.5544873301529852,-0.16364413855496537,0.2732312961117544,0.41173269183271005,0,1
303,1,1,1,0,0,-0.6190070669617963,0.06216232129556129,-0.5920181364965753,0.2732312961117544,0.41173269183271005,2,1
304,1,0,0,0,0,-0.22992207920027855,0.30054546442347974,-0.06844991679016317,0.2732312961117544,0.41173269183271005,0,1
305,1,0,0,1,0,-0.5575725952099777,-0.5544873301529852,-0.21124124943736647,0.2732312961117544,0.41173269183271005,2,0
306,0,0,0,0,0,-0.26891249060543276,0.015306524152771011,-0.12794630539316454,0.2732312961117544,0.41173269183271005,0,1
307,0,0,0,0,0,-0.4920424920080379,0.08268310836539645,-0.49682391473177306,0.2732312961117544,-2.428760260810931,2,0
308,1,0,0,0,0,2.429453333992445,-0.5544873301529852,3.9773045082139302,0.2732312961117544,0.41173269183271005,0,0
309,1,1,2,1,0,0.3708251419035049,-0.5544873301529852,0.4670175806368492,0.2732312961117544,0.41173269183271005,0,1
310,0,0,0,0,0,-0.40734483361953067,-0.5544873301529852,-0.7348094691437785,0.2732312961117544,0.41173269183271005,1,1
311,1,0,0,1,0,-0.40570658103948215,0.26805421822957404,-0.41352897068757116,0.2732312961117544,0.41173269183271005,1,1
312,0,0,0,0,0,-0.474513189401519,-0.5544873301529852,-1.0679892453205864,0.2732312961117544,0.41173269183271005,0,1
313,1,1,2,0,1,0.056116821276188854,-0.5544873301529852,-0.020852805907762065,-4.014071330210684,0.41173269183271005,0,1
314,1,1,0,0,0,-0.48008324817368386,0.07584284600878473,0.15763635990124206,0.2732312961117544,0.41173269183271005,0,0
315,1,1,1,1,0,-0.32838105926119315,0.006414183089175776,-0.41352897068757116,-2.5228356340985316,0.41173269183271005,2,1
316,1,1,2,0,0,-0.27628462721565095,-0.5544873301529852,-0.3064354712021687,0.2732312961117544,0.41173269183271005,1,1
317,1,1,0,0,0,-0.5480707302456964,0.17536866329748527,-0.6872123582613775,0.2732312961117544,0.41173269183271005,2,1
318,0,0,1,0,0,-0.3051178726245045,-0.5544873301529852,-0.4016296929669709,0.2732312961117544,0.41173269183271005,1,1
319,1,1,1,0,1,0.753029468828819,-0.5544873301529852,0.11003924901884096,0.2732312961117544,0.41173269183271005,0,0
320,1,1,0,0,0,-0.4920424920080379,0.1866550961858946,-0.36593185980517007,0.2732312961117544,0.41173269183271005,1,1
321,1,1,3,0,0,-0.17389384096261998,-0.4898468508830045,-0.2588383603197676,0.2732312961117544,0.41173269183271005,1,1
322,1,1,2,1,0,-0.29528835714421353,-0.010686472802353523,-0.21124124943736647,0.2732312961117544,0.41173269183271005,0,1
323,0,0,0,0,0,-0.3665523443763231,0.4664218265713139,-0.16364413855496537,0.2732312961117544,0.41173269183271005,0,1
324,1,1,3,0,0,1.5721557588530668,-0.5544873301529852,1.835434518505881,0.2732312961117544,0.41173269183271005,0,1
325,1,1,1,0,1,0.5344865746503497,1.1497640359968246,2.7397796252715017,0.2732312961117544,-2.428760260810931,0,0
326,1,0,0,0,0,-0.07969431760983145,-0.5544873301529852,-0.18744269399616592,0.2732312961117544,-2.428760260810931,0,1
327,1,1,0,0,1,0.06791223985253803,0.18426100436108048,0.45511830291624894,0.2732312961117544,0.41173269183271005,1,1
328,0,1,0,0,0,-0.17536826828466362,0.28378682164978103,-0.4254282484081714,0.2732312961117544,0.41173269183271005,2,0
329,0,0,0,0,0,-0.4756599662075529,-0.5544873301529852,-0.9370971903939832,0.2732312961117544,0.41173269183271005,2,1
330,1,0,1,0,0,-0.16701318012641628,0.058742190117255434,-0.3421333043639695,0.2732312961117544,0.41173269183271005,2,1
331,1,0,0,0,0,-0.4043959789754433,-0.5544873301529852,-0.5682195810553747,0.2732312961117544,0.41173269183271005,1,1
332,1,0,0,0,0,-0.421106155291938,-0.5544873301529852,-0.8895000795115822,0.2732312961117544,0.41173269183271005,2,1
333,1,1,0,0,0,9.490977255033481,-0.5544873301529852,4.096297285419933,-2.5228356340985316,0.41173269183271005,2,1
334,1,1,1,0,1,0.7256706507420091,0.07242271483047887,0.43131974747504837,-2.5228356340985316,0.41173269183271005,2,1
335,1,1,0,0,1,0.016307283581010405,0.9811515689063458,-0.9013993572321825,0.2732312961117544,0.41173269183271005,1,1
336,1,1,1,0,0,-0.025140506694216542,-0.3191823050855421,0.16953563762184234,0.2732312961117544,0.41173269183271005,0,1
337,1,1,2,0,1,-0.4756599662075529,1.0187730118677103,0.35992408115144675,0.2732312961117544,0.41173269183271005,0,1
338,0,0,3,1,0,-0.5854228890708022,-0.5544873301529852,-0.21124124943736647,0.2732312961117544,-2.428760260810931,2,0
339,0,0,0,0,0,-0.2037100379195026,-0.5544873301529852,-0.8895000795115822,0.2732312961117544,0.41173269183271005,1,1
340,1,1,3,1,0,-0.45157765328084004,-0.01171251215584528,0.3242262479896459,0.2732312961117544,0.41173269183271005,0,0
341,0,0,0,0,0,-0.49564664768414457,-0.5544873301529852,-1.186982022526589,0.2732312961117544,0.41173269183271005,0,0
342,1,1,1,1,0,-0.13916288626559187,-0.13415320833919506,0.1457370821806418,0.2732312961117544,0.41173269183271005,2,1
343,1,1,3,1,0,-0.36540556757028914,-0.5544873301529852,-0.8538022463497813,0.2732312961117544,0.41173269183271005,1,1
344,1,1,2,0,0,-0.4620624697931504,0.2424032343922801,-0.2469390825991673,0.2732312961117544,0.41173269183271005,0,1
345,1,1,0,0,0,-0.47582379146555775,0.2861809134745951,0.16953563762184234,0.2732312961117544,0.41173269183271005,1,1
346,1,1,0,1,0,-0.3080667272685918,0.5502150404398075,0.07434141585704014,0.2732312961117544,-2.428760260810931,0,0
347,1,1,2,1,0,-0.3801498407907256,0.18699710930372518,-0.23503980487856702,0.2732312961117544,0.41173269183271005,2,1
348,1,1,0,0,0,0.15228224772503557,1.0129587888645903,1.3475641319612697,0.2732312961117544,0.41173269183271005,1,1
349,1,1,0,0,0,-0.4551818089569467,1.5830946562881771,0.49081613607804975,0.2732312961117544,0.41173269183271005,0,1
350,1,1,0,0,0,0.6028017072383719,-0.5544873301529852,0.9786865226226611,0.2732312961117544,0.41173269183271005,1,1
351,1,0,0,0,0,0.5482478963227571,0.8706813318470665,1.930628740270683,0.2732312961117544,0.41173269183271005,0,0
352,1,1,3,0,0,-0.4484649733787479,0.15792599428812537,-0.6039174142171756,0.2732312961117544,0.41173269183271005,0,1
353,0,1,0,0,1,0.015815807806995857,-0.5544873301529852,-0.4849246370111728,0.2732312961117544,-2.428760260810931,0,0
354,0,1,0,0,0,-0.48827451107392633,-0.3817707056485393,-0.18744269399616592,0.2732312961117544,0.41173269183271005,1,1
355,0,0,0,0,0,-0.2605574024471854,-0.5544873301529852,-0.3540325820845698,-2.5228356340985316,0.41173269183271005,2,1
356,1,1,2,0,0,0.47993276373473476,0.5286682140164806,0.2290320262248437,0.2732312961117544,0.41173269183271005,0,1
357,1,1,1,0,0,-0.2504002364508847,-0.5544873301529852,-0.9370971903939832,0.2732312961117544,0.41173269183271005,2,0
358,1,1,0,1,0,-0.3937473372051281,0.015306524152771011,-0.5444210256141742,2.1372759162519452,-2.428760260810931,2,0
359,1,1,3,0,0,-0.03873800310861906,0.5286682140164806,0.6455067464458534,0.2732312961117544,0.41173269183271005,1,1
360,0,0,1,0,0,-0.11147641766277228,-0.5544873301529852,-0.7705073023055794,0.2732312961117544,0.41173269183271005,1,0
361,1,1,2,0,0,-0.06609682119542894,0.6996747729317736,1.0738807443874632,0.2732312961117544,0.41173269183271005,1,1
362,1,1,0,0,0,-0.10705313569664134,0.24342927374577186,-0.18744269399616592,0.2732312961117544,0.41173269183271005,2,1
363,1,1,0,0,0,-0.39161760885106506,0.4828384562271821,-0.6039174142171756,-0.6587910139583409,0.41173269183271005,2,1
364,1,0,0,0,1,0.23239279888940703,-0.5544873301529852,-0.05655063906956289,0.2732312961117544,0.41173269183271005,0,1
365,1,0,0,1,0,0.13311469253846817,-0.5544873301529852,-0.1517448608343651,0.2732312961117544,0.41173269183271005,0,0
366,1,0,0,0,0,-0.4756599662075529,-0.5544873301529852,-0.5920181364965753,2.1372759162519452,0.41173269183271005,1,0
367,1,0,0,0,0,-0.04578248920282759,-0.5544873301529852,-0.2588383603197676,0.2732312961117544,-2.428760260810931,0,0
368,1,1,1,0,0,0.15097164566099677,-0.5544873301529852,0.34802480343084646,0.2732312961117544,0.41173269183271005,1,1
369,1,1,0,0,0,2.3470492292160055,1.2465537483428806,5.048239503067955,0.2732312961117544,0.41173269183271005,0,0
370,0,0,0,0,1,1.6964991296787477,-0.5544873301529852,-1.0798885230411865,0.2732312961117544,0.41173269183271005,1,1
371,1,1,2,0,0,-0.03578914846453177,-0.5544873301529852,0.11003924901884096,0.2732312961117544,0.41173269183271005,1,1
372,1,1,2,0,1,0.6421197691595358,2.1381819465272183,2.787376736153903,-0.6587910139583409,0.41173269183271005,0,1
373,1,0,1,0,0,-0.38359017120882744,0.12509273497638912,-0.41352897068757116,-2.5228356340985316,-2.428760260810931,2,0
374,0,0,0,0,0,-0.4324100980942726,-0.055490191238160284,-0.4254282484081714,0.2732312961117544,0.41173269183271005,2,1
375,1,1,0,0,0,-0.09607684341031641,-0.23880922239535438,-0.3064354712021687,-2.5228356340985316,0.41173269183271005,2,1
376,1,1,3,0,0,0.5482478963227571,1.1542102065286222,-0.18744269399616592,0.2732312961117544,0.41173269183271005,0,1
377,1,1,0,0,0,-0.17913624921877516,-0.5544873301529852,-0.18744269399616592,0.2732312961117544,0.41173269183271005,1,1
378,1,0,0,0,0,-0.3824433944027935,-0.5544873301529852,-0.8895000795115822,2.1372759162519452,0.41173269183271005,2,0
379,1,1,2,0,0,-0.002041145315532749,-0.5544873301529852,-0.18744269399616592,0.2732312961117544,0.41173269183271005,2,1
380,1,1,0,0,0,-0.3391935262895132,0.30054546442347974,-0.21124124943736647,0.2732312961117544,0.41173269183271005,1,1
381,1,0,0,0,0,0.08806274658713453,0.8929121845060546,1.7878374076234798,0.2732312961117544,0.41173269183271005,1,1
382,0,0,0,0,0,0.09772843680942066,-0.5544873301529852,0.12193852673944124,0.2732312961117544,0.41173269183271005,2,1
383,1,0,0,0,1,0.2889125129010801,-0.5544873301529852,-0.21124124943736647,0.2732312961117544,0.41173269183271005,2,1
384,1,1,2,0,0,-0.13719698316953366,-0.5544873301529852,-0.5444210256141742,0.2732312961117544,0.41173269183271005,2,0
385,1,0,1,0,0,-0.28447589011589347,-0.5544873301529852,-0.3897304152463706,-2.5228356340985316,0.41173269183271005,2,1
386,1,0,0,1,0,-0.5008890559402998,-0.007266341624047663,-0.16364413855496537,0.2732312961117544,0.41173269183271005,1,1
387,1,1,0,1,0,-0.39210908462507965,0.5180658073637324,-0.21124124943736647,0.2732312961117544,-2.428760260810931,2,0
388,1,1,0,0,0,-0.5030187842943628,0.27215837564354106,-0.11604702767256427,0.2732312961117544,0.41173269183271005,2,1
389,1,1,0,0,0,0.01384990471093766,-0.5544873301529852,-0.2469390825991673,0.2732312961117544,0.41173269183271005,0,1
390,1,0,3,0,0,0.6165630289107793,-0.5544873301529852,0.4670175806368492,0.2732312961117544,0.41173269183271005,0,1
391,1,1,3,0,0,0.6717721408584136,-0.5544873301529852,1.537952575490874,0.2732312961117544,0.41173269183271005,0,1
392,1,1,0,0,0,-0.4620624697931504,0.16887041405870412,-0.3064354712021687,0.2732312961117544,0.41173269183271005,2,1
393,1,1,2,1,0,-0.5587193720160116,0.0012839863217169861,-0.3897304152463706,-2.5228356340985316,0.41173269183271005,1,1
394,1,1,2,0,0,-0.3773648114046432,-0.07566896519016486,-0.3897304152463706,0.2732312961117544,0.41173269183271005,2,1
395,1,1,2,0,0,-0.34853156599578966,-0.3889529811229816,-0.12794630539316454,0.2732312961117544,0.41173269183271005,1,1
396,0,0,0,0,0,-0.3642587907642552,-0.5544873301529852,-0.8895000795115822,0.2732312961117544,-2.428760260810931,2,0
397,1,1,0,0,0,-0.3883411036909681,-0.055490191238160284,-0.6039174142171756,0.2732312961117544,0.41173269183271005,2,1
398,1,0,0,1,0,-0.2459769544847538,0.015306524152771011,-0.4373275261287717,0.2732312961117544,0.41173269183271005,0,1
399,0,0,0,0,0,-0.6394852242124025,0.061136281942069534,-0.5087231924523733,0.2732312961117544,-2.428760260810931,1,0
400,1,1,2,1,0,-0.4119319408436664,-0.5544873301529852,-1.1988813002471892,-2.5228356340985316,-2.428760260810931,2,0
401,1,0,0,1,0,-0.4338845254163163,-0.5544873301529852,-0.9608957458351838,-0.6587910139583409,0.41173269183271005,0,0
402,1,0,0,0,0,-0.4756599662075529,6.285775026458735,-0.5087231924523733,0.2732312961117544,0.41173269183271005,1,1
403,0,0,0,1,0,-0.5636341297561571,-0.5544873301529852,-1.1036870784823871,0.2732312961117544,0.41173269183271005,1,1
404,0,0,0,0,1,0.3338006335944089,-0.5544873301529852,0.5741110801222516,0.2732312961117544,0.41173269183271005,0,0
405,0,0,0,0,0,-0.14030966307162582,-0.5544873301529852,-0.36593185980517007,0.2732312961117544,0.41173269183271005,1,1
406,1,1,0,1,0,-0.5302137771231679,0.2663441526404211,-0.36593185980517007,0.2732312961117544,0.41173269183271005,2,1
407,0,0,0,1,0,-0.5226778152549447,-0.5544873301529852,-0.9489964681145835,0.2732312961117544,0.41173269183271005,0,1
408,1,1,1,0,0,0.4745265302205747,-0.5544873301529852,0.07434141585704014,-0.6587910139583409,-2.428760260810931,1,0
409,1,1,3,0,0,12.38462278717314,-0.5544873301529852,2.5493911817418975,0.2732312961117544,-2.428760260810931,0,0
410,0,0,1,1,1,-0.25171083851492354,-0.5544873301529852,-0.9965935789969846,0.2732312961117544,0.41173269183271005,1,0
411,1,1,0,0,0,0.13966770285866215,-0.5544873301529852,0.16953563762184234,0.2732312961117544,0.41173269183271005,2,1
412,1,1,0,1,0,0.11345566157788621,-0.5544873301529852,0.8596937454166583,0.2732312961117544,-2.428760260810931,0,0
413,1,1,0,1,0,-0.5161248049347508,0.14082533839659606,-0.4254282484081714,0.2732312961117544,0.41173269183271005,0,1
414,0,1,0,1,0,-0.5331626317672551,0.5526091322646216,0.38372263659264727,0.2732312961117544,-2.428760260810931,1,0
415,0,0,0,0,0,-0.3945664634951524,-0.5544873301529852,-1.0203921344381852,0.2732312961117544,0.41173269183271005,2,1
416,0,0,1,0,0,-0.45927744040706797,-0.5544873301529852,0.16953563762184234,0.2732312961117544,0.41173269183271005,2,0
417,1,1,2,0,1,-0.6231026984119176,6.285775026458735,1.1095785775492641,0.2732312961117544,0.41173269183271005,2,0
418,1,1,0,0,0,-0.717302221764706,0.3939150455912297,-0.4016296929669709,0.2732312961117544,0.41173269183271005,0,1
419,1,1,0,0,0,-0.35344632373593515,-0.0698547421870449,-0.09224847223136372,0.2732312961117544,0.41173269183271005,1,1
420,1,1,0,0,0,0.06971431769059137,-0.5544873301529852,-0.09224847223136372,0.2732312961117544,0.41173269183271005,0,1
421,0,0,0,1,0,-0.439618409446486,-0.5544873301529852,-0.7824065800261797,0.2732312961117544,-2.428760260810931,2,0
422,1,1,0,0,0,-0.5870611416508507,0.03343321939779207,-0.5444210256141742,0.2732312961117544,0.41173269183271005,2,1
423,1,1,1,0,0,0.30251000931548266,0.015648537270601597,-0.4254282484081714,0.2732312961117544,-2.428760260810931,2,0
424,1,1,0,0,0,1.5524967278924848,-0.5544873301529852,-0.5920181364965753,0.2732312961117544,0.41173269183271005,1,1
425,1,1,0,0,0,-0.4484649733787479,0.9161690765185344,-0.2945361934815684,0.2732312961117544,0.41173269183271005,0,1
426,0,0,1,1,0,-0.13064397284933968,-0.5544873301529852,-0.7705073023055794,0.2732312961117544,0.41173269183271005,0,0
427,1,1,2,0,0,0.08707979503910543,-0.5544873301529852,-0.1517448608343651,0.2732312961117544,0.41173269183271005,1,1
428,1,1,0,0,0,-0.4068533578455161,-0.5489740784062651,-0.6991116359819778,0.2732312961117544,0.41173269183271005,0,1
429,1,0,0,1,0,-0.44010988522050054,-0.5544873301529852,-1.0203921344381852,-2.5228356340985316,0.41173269183271005,2,1
430,0,0,1,0,1,0.527605913814146,-0.5544873301529852,0.05054286041583959,0.2732312961117544,0.41173269183271005,1,1
431,1,0,0,0,0,0.17964106581184544,-0.5544873301529852,-0.4849246370111728,0.2732312961117544,-2.428760260810931,0,0
432,1,0,0,0,0,1.2241909108507665,-0.5544873301529852,3.0848586791689097,0.2732312961117544,0.41173269183271005,1,1
433,1,1,0,0,0,-0.48794686055791664,0.24582336557058596,-0.03275208362836234,0.2732312961117544,0.41173269183271005,1,1
434,1,0,0,0,0,-0.2708783937014909,-0.5544873301529852,-0.5444210256141742,0.2732312961117544,0.41173269183271005,2,1
435,0,1,0,0,0,0.7607292559550469,-0.5544873301529852,-0.21124124943736647,-1.5908133240284363,0.41173269183271005,1,1
436,1,0,0,0,0,-0.5696956643023365,0.07857895095142942,-1.1393849116441879,0.2732312961117544,0.41173269183271005,1,1
437,1,1,0,0,0,-0.5226778152549447,-0.169722572593576,-0.21124124943736647,0.2732312961117544,0.41173269183271005,2,1
438,1,0,0,0,1,0.8211807761588364,-0.5544873301529852,0.49081613607804975,0.2732312961117544,-2.428760260810931,2,0
439,0,1,0,1,1,0.2848168814509589,-0.5544873301529852,-0.09224847223136372,0.2732312961117544,0.41173269183271005,0,1
440,1,0,0,0,0,-0.2856226669219274,1.1774670985411022,0.49081613607804975,0.2732312961117544,0.41173269183271005,1,1
441,1,1,0,0,0,0.4091602522766397,0.07242271483047887,0.40752119203384785,0.2732312961117544,0.41173269183271005,0,1
442,1,0,3,1,0,-0.11409762179084987,0.12714481368337263,0.026744304974639036,0.2732312961117544,0.41173269183271005,1,1
443,1,0,1,0,0,5.294101795465245,-0.5544873301529852,0.07434141585704014,0.2732312961117544,0.41173269183271005,1,1
444,1,1,0,0,0,0.31610750572988516,2.2955079807292877,0.34802480343084646,-0.6587910139583409,0.41173269183271005,0,1
445,1,1,1,0,1,-0.3174047669748682,-0.1406514575779762,-0.18744269399616592,0.2732312961117544,0.41173269183271005,0,1
446,1,1,2,1,0,-0.1231080109811166,-0.5544873301529852,-0.4254282484081714,0.2732312961117544,0.41173269183271005,0,1
447,1,1,0,0,0,-0.3054455231405142,-0.08387728001809892,-1.0798885230411865,0.2732312961117544,0.41173269183271005,0,0
448,1,1,2,0,0,-0.3380467494834793,0.030355101337316795,0.05054286041583959,0.2732312961117544,-2.428760260810931,0,0
449,1,0,1,1,1,-0.4315909718042484,-0.027103102458221652,0.5265139692398506,0.2732312961117544,0.41173269183271005,1,0
450,1,1,2,1,0,-0.5069505904864792,-0.12526086727559982,-0.2469390825991673,0.2732312961117544,-2.428760260810931,0,0
451,1,1,2,1,0,-0.5644532560461814,-0.05651623059165205,-1.0203921344381852,-0.6587910139583409,0.41173269183271005,2,1
452,1,1,0,0,0,-0.2384409926165307,0.03822140304742027,0.03864358269523931,0.2732312961117544,-2.428760260810931,0,0
453,1,1,0,0,0,-0.47844499559363535,0.2889170184172398,-0.6634138028201769,-2.5228356340985316,-2.428760260810931,0,1
454,1,0,0,0,1,0.27547884174468246,-0.5544873301529852,-0.7348094691437785,0.2732312961117544,0.41173269183271005,1,1
455,1,1,2,0,0,-0.2530214405789623,-0.5544873301529852,-0.5920181364965753,0.2732312961117544,0.41173269183271005,1,1
456,1,1,0,0,0,-0.1806106765408188,-0.5544873301529852,-0.3302340266433692,0.2732312961117544,0.41173269183271005,2,1
457,1,1,0,0,0,-0.2777590545376946,0.32414436955379017,0.3242262479896459,0.2732312961117544,0.41173269183271005,2,0
458,1,0,2,0,0,-0.17192793786656177,-0.5544873301529852,-0.11604702767256427,0.2732312961117544,0.41173269183271005,0,1
459,1,1,0,0,0,0.4800965889927396,-0.5544873301529852,0.16953563762184234,0.2732312961117544,0.41173269183271005,1,0
460,1,1,0,0,1,-0.5439750987955752,0.8419522299492973,0.16953563762184234,0.2732312961117544,0.41173269183271005,1,1
461,1,1,3,0,0,0.38278438573785895,-0.5544873301529852,-0.21124124943736647,-2.5228356340985316,0.41173269183271005,2,1
462,1,1,0,0,0,-0.39128995833505537,0.1938373716603369,0.08624069357764041,0.2732312961117544,0.41173269183271005,0,1
463,0,0,1,1,0,-0.03480619691650267,-0.5544873301529852,-0.16364413855496537,0.2732312961117544,0.41173269183271005,1,1
464,1,0,0,0,0,-0.2027270863714735,-0.5544873301529852,-0.5682195810553747,0.2732312961117544,-2.428760260810931,1,0
465,1,0,0,0,0,0.09772843680942066,-0.5544873301529852,-0.06844991679016317,0.2732312961117544,0.41173269183271005,0,1
466,1,1,3,1,0,-0.4024300758793852,0.01462249791710984,-0.9013993572321825,-2.5228356340985316,-2.428760260810931,2,0
467,1,1,0,0,0,1.8493480953972723,-0.5544873301529852,-0.4254282484081714,0.2732312961117544,0.41173269183271005,1,1
468,0,1,2,1,0,-0.8508198070386584,0.4431649345588341,-0.5682195810553747,0.2732312961117544,0.41173269183271005,1,1
469,1,1,0,0,0,-0.17536826828466362,0.28378682164978103,-0.4254282484081714,0.2732312961117544,0.41173269183271005,2,0
470,1,1,1,0,1,-0.3200259711029458,0.15655794181680302,0.1933341930630429,0.2732312961117544,0.41173269183271005,1,1
471,1,1,1,1,0,-0.4505947017328109,-0.04146765340710626,-0.3897304152463706,-2.5228356340985316,-2.428760260810931,0,0
472,1,1,3,0,0,-0.11671882591892746,-0.5544873301529852,-0.5444210256141742,0.2732312961117544,0.41173269183271005,1,1
473,0,0,0,0,1,-0.4756599662075529,-0.5544873301529852,-0.6277159696583761,0.2732312961117544,0.41173269183271005,2,1
474,1,0,2,0,0,0.021058216063151045,1.0351896415235784,0.1933341930630429,0.2732312961117544,0.41173269183271005,0,1
475,1,1,2,0,1,1.8219892773104625,-0.20768602867277106,0.05054286041583959,0.2732312961117544,0.41173269183271005,0,1
476,1,1,2,0,0,0.21240611741281537,0.04403562605054023,1.0024850780638617,-0.6587910139583409,0.41173269183271005,1,1
477,1,1,2,0,0,-0.414553144971744,0.08576122642587172,-0.16364413855496537,0.2732312961117544,-2.428760260810931,1,0
478,1,1,1,0,1,1.845252463947151,0.21504218496583322,-0.711010913702578,0.2732312961117544,0.41173269183271005,1,1
479,1,1,2,0,0,-0.4024300758793852,-0.0062403022705559055,-0.21124124943736647,0.2732312961117544,0.41173269183271005,2,0
480,0,0,0,1,0,-0.17258323889858118,-0.5544873301529852,0.09813997129824069,0.2732312961117544,0.41173269183271005,0,1
481,1,1,3,1,0,-0.3781839376946674,-0.5544873301529852,-0.3897304152463706,0.2732312961117544,0.41173269183271005,0,1
482,1,1,0,0,0,-0.5439750987955752,0.5228539910133606,-0.21124124943736647,0.2732312961117544,0.41173269183271005,1,1
483,1,1,0,0,0,0.8894959087468587,-0.5544873301529852,1.0500821889462626,0.2732312961117544,0.41173269183271005,1,1
484,1,1,2,0,0,0.47993276373473476,-0.5544873301529852,1.192873521593466,0.2732312961117544,0.41173269183271005,1,1
485,1,1,1,1,0,-0.5644532560461814,0.27865662488232223,-0.17554341627556563,0.2732312961117544,0.41173269183271005,0,1
486,1,0,2,0,0,-0.3041349210764754,-0.5544873301529852,-0.7824065800261797,0.2732312961117544,-2.428760260810931,0,0
487,1,1,1,0,0,2.1181853437832308,-0.5544873301529852,4.215290062625936,0.2732312961117544,0.41173269183271005,2,0
488,1,1,2,0,1,-0.13441195378345122,0.15792599428812537,0.16953563762184234,0.2732312961117544,0.41173269183271005,1,1
489,1,0,0,0,0,-0.4863086079778681,-0.5544873301529852,-0.841902968629181,0.2732312961117544,0.41173269183271005,2,0
490,1,0,0,1,0,-0.4430587398645879,0.3980192030051967,-0.5920181364965753,0.2732312961117544,0.41173269183271005,1,1
491,1,1,1,1,0,-0.011543010279814025,-0.1676704938865925,0.47891685835744946,0.2732312961117544,0.41173269183271005,2,1
492,1,0,0,1,0,-0.28054408392377705,-0.5544873301529852,-0.4254282484081714,0.2732312961117544,0.41173269183271005,0,1
493,0,0,0,1,1,1.9428923177180415,-0.5544873301529852,0.9429886894608602,0.2732312961117544,0.41173269183271005,1,1
494,1,1,0,0,0,-0.2959436581762329,0.18323496500758873,-0.3183347489227689,0.2732312961117544,-2.428760260810931,0,0
495,0,1,1,0,0,-0.34034030309554714,-0.24222935357366024,-0.4849246370111728,-4.014071330210684,0.41173269183271005,1,1
496,1,1,0,1,0,-0.45927744040706797,0.026934970159010935,-0.46112608156997226,0.2732312961117544,0.41173269183271005,0,1
497,1,1,0,0,0,-0.12753129294724755,0.4226441474889989,-0.41352897068757116,-5.132498102294799,0.41173269183271005,2,1
498,1,1,1,0,1,-0.41094898929563733,-0.5544873301529852,-0.6039174142171756,0.2732312961117544,0.41173269183271005,1,1
499,1,0,0,0,0,0.1440909848247931,0.9558425981868824,0.7526002459312559,0.2732312961117544,-2.428760260810931,0,0
500,0,0,0,0,0,-0.7795558198065489,0.7051469828170629,-0.3897304152463706,2.1372759162519452,0.41173269183271005,0,1
501,0,0,0,0,0,-0.36769912118235704,-0.5544873301529852,-0.5444210256141742,0.2732312961117544,0.41173269183271005,1,1
502,1,1,2,0,0,-0.08821323102608364,1.3689944445262303,0.7407009682106556,0.2732312961117544,0.41173269183271005,1,1
503,1,1,1,1,0,-0.22173081630003605,1.2588662205847816,-0.09224847223136372,0.2732312961117544,0.41173269183271005,0,0
504,1,1,0,1,0,-0.26039357718918055,-0.04728187641022622,-0.2588383603197676,-0.6587910139583409,0.41173269183271005,1,1
505,1,1,2,0,0,-0.31019645562265485,0.9558425981868824,1.157175688431665,0.2732312961117544,0.41173269183271005,0,1
506,1,1,0,0,0,2.5277484887953547,1.7257141264235314,3.9773045082139302,0.2732312961117544,0.41173269183271005,2,1
507,1,0,0,0,0,-0.2982372117883008,-0.5544873301529852,-0.5920181364965753,0.2732312961117544,0.41173269183271005,2,0
508,1,1,0,0,1,-0.4791002966256548,0.47599819387057035,0.50271541379865,0.2732312961117544,0.41173269183271005,2,1
509,0,0,1,0,0,1.2874274604406384,-0.5544873301529852,-1.2583776888501907,0.2732312961117544,0.41173269183271005,2,1
510,1,0,0,1,0,-0.29577983291822807,-0.11431644750502108,-0.5444210256141742,0.2732312961117544,0.41173269183271005,0,0
511,1,1,1,0,0,0.10837707857973587,0.13090695797950908,1.2404706324758672,0.2732312961117544,0.41173269183271005,1,1
512,1,1,2,0,0,-0.3473847891897557,0.14150936463225725,0.026744304974639036,0.2732312961117544,0.41173269183271005,2,1
513,1,1,0,0,0,-0.5362753116693473,1.725372113305701,-0.9013993572321825,-2.5228356340985316,0.41173269183271005,1,0
514,1,0,0,0,0,0.06742076407852347,0.6993327598139429,1.966326573432484,0.2732312961117544,0.41173269183271005,0,0
515,1,1,3,0,0,-0.3174047669748682,0.6179336377702636,0.05054286041583959,0.2732312961117544,0.41173269183271005,0,1
516,0,1,2,0,0,-0.5524940122118274,0.003678078146531088,-0.3897304152463706,2.1372759162519452,0.41173269183271005,1,1
517,1,1,0,1,0,-0.3816242681127693,0.061136281942069534,-0.2707376380403678,0.2732312961117544,-2.428760260810931,1,0
518,1,0,0,0,0,-0.11802942798296626,0.10046779049258692,0.4670175806368492,0.2732312961117544,0.41173269183271005,1,0
519,0,0,0,1,0,-0.3282172340031883,-0.5544873301529852,-0.6039174142171756,0.2732312961117544,0.41173269183271005,0,0
520,1,1,2,1,0,-0.5261181456730466,0.041299521107895545,-1.1988813002471892,0.2732312961117544,0.41173269183271005,1,1
521,1,0,0,0,0,-0.4756599662075529,-0.5544873301529852,-1.0798885230411865,0.2732312961117544,0.41173269183271005,1,1
522,1,1,3,0,1,0.044812878473854234,-0.0674606503622308,-0.5444210256141742,0.2732312961117544,0.41173269183271005,0,1
523,1,1,2,0,1,0.41686003940286764,1.8963786722209939,3.9773045082139302,0.2732312961117544,0.41173269183271005,0,1
524,1,0,0,0,0,-0.11852090375698081,0.15929404675944772,-0.21124124943736647,0.2732312961117544,0.41173269183271005,1,0
525,1,1,2,0,1,1.9817189038651908,-0.5544873301529852,3.0253622905659086,0.2732312961117544,0.41173269183271005,0,1
526,1,1,0,0,0,-0.2667827622513697,-0.5544873301529852,-0.4254282484081714,0.2732312961117544,0.41173269183271005,1,1
527,1,1,1,1,0,-0.019406622664046805,-0.06540857165524729,0.1814349153424426,0.2732312961117544,-2.428760260810931,1,1
528,1,0,1,1,0,-0.44633524502468486,-0.10918625073756229,-0.6158166919377758,0.2732312961117544,0.41173269183271005,1,1
529,1,0,0,1,0,0.2260036138272179,-0.5544873301529852,-0.18744269399616592,0.2732312961117544,0.41173269183271005,1,1
530,1,1,0,0,0,-0.717302221764706,1.3265848179152375,0.8358951899754578,0.2732312961117544,0.41173269183271005,0,1
531,1,1,3,0,0,-0.1838871817009158,-0.5544873301529852,-0.5444210256141742,0.2732312961117544,0.41173269183271005,2,1
532,1,0,2,0,0,-0.2974180854982766,-0.5544873301529852,-0.4254282484081714,0.2732312961117544,-2.428760260810931,0,0
533,1,0,1,0,0,0.957811041334881,-0.5544873301529852,0.5979096355634522,0.2732312961117544,0.41173269183271005,1,0
534,0,0,0,1,1,2.0906627004384157,-0.5544873301529852,-0.2469390825991673,0.2732312961117544,0.41173269183271005,2,1
535,1,0,0,1,0,-0.46746870330731044,0.14390345645707134,-0.23503980487856702,0.2732312961117544,0.41173269183271005,0,1
536,1,1,0,0,0,0.11951719612406565,0.7814159080932835,2.1210171838002876,0.2732312961117544,0.41173269183271005,2,1
537,1,0,2,0,0,-0.29266715301613594,-0.5544873301529852,-0.46112608156997226,0.2732312961117544,0.41173269183271005,1,1
538,1,1,0,1,0,-0.40734483361953067,-0.3711682989957912,-0.9489964681145835,0.2732312961117544,0.41173269183271005,0,0
539,1,1,3,0,0,0.16604356939744294,-0.5544873301529852,0.1338378044600415,-2.5228356340985316,0.41173269183271005,0,1
540,0,1,1,0,0,-0.13031632233333,0.4185399900750319,-0.06844991679016317,-2.5228356340985316,0.41173269183271005,1,1
541,0,0,0,0,0,-0.5349647096053085,-0.5544873301529852,-0.5563203033347744,0.2732312961117544,-2.428760260810931,1,0
542,0,0,1,0,0,-0.2869332689859662,-0.5544873301529852,-0.6039174142171756,0.2732312961117544,0.41173269183271005,1,1
543,1,1,1,1,0,-0.5184183585468186,0.3087537792514138,-0.21124124943736647,0.2732312961117544,0.41173269183271005,2,1
544,0,1,0,1,0,-0.3909623078190457,-0.32773263303130673,-0.5206224701729736,0.2732312961117544,0.41173269183271005,1,1
545,1,1,0,0,0,-0.4317547970622532,0.11243824961665744,0.11003924901884096,0.2732312961117544,0.41173269183271005,0,1
546,1,0,0,1,0,-0.33509789483939195,-0.5544873301529852,-0.7824065800261797,-4.759689178266761,0.41173269183271005,1,0
547,1,0,0,0,0,-0.47140050949942686,0.05532205893894957,-0.00895352818716179,0.2732312961117544,0.41173269183271005,0,1
548,0,0,0,0,0,-0.06609682119542894,-0.5544873301529852,-0.5087231924523733,0.2732312961117544,-2.428760260810931,1,0
549,1,1,0,0,0,-0.4289697676761708,0.1350111153934761,-0.4254282484081714,0.2732312961117544,0.41173269183271005,0,1
550,1,1,2,0,1,0.20142982512649044,-0.5544873301529852,-0.21124124943736647,0.2732312961117544,-2.428760260810931,0,0
551,1,1,1,1,0,-0.47697056827159173,0.25779382469465645,-0.21124124943736647,0.2732312961117544,0.41173269183271005,0,1
552,1,1,1,0,0,-0.3391935262895132,0.5570553027964192,0.1457370821806418,0.2732312961117544,0.41173269183271005,2,1
553,1,1,0,1,0,-0.483195928075776,0.24342927374577186,0.41942046975444813,0.2732312961117544,-2.428760260810931,2,0
554,1,1,0,0,0,-0.2965989592082523,0.9045406305122945,-0.16364413855496537,-2.5228356340985316,-2.428760260810931,0,0
555,1,1,1,0,0,0.010573399550840669,-0.2015297925518205,-1.4249675769385945,0.2732312961117544,0.41173269183271005,1,1
556,0,0,0,0,0,-0.44830114812074306,0.0012839863217169861,-0.7348094691437785,0.2732312961117544,0.41173269183271005,2,1
557,1,1,3,0,1,0.7758011796914931,-0.5544873301529852,1.3594634096818698,0.2732312961117544,0.41173269183271005,1,1
558,1,1,0,0,0,-0.24843433335482654,0.35834568133684874,0.1933341930630429,0.2732312961117544,0.41173269183271005,1,1
559,0,1,0,0,0,-0.20043353275940562,0.23419491956434604,0.43131974747504837,0.2732312961117544,0.41173269183271005,1,1
560,1,1,2,1,0,-0.28316528805185465,-0.4717201556379834,-0.44922680384937197,0.2732312961117544,0.41173269183271005,1,1
561,0,1,1,0,1,2.306748215746812,-0.5544873301529852,5.405217834685963,0.2732312961117544,0.41173269183271005,1,1
562,1,1,0,0,0,0.08511389194304723,0.14800761387103836,0.7763988013724563,0.2732312961117544,0.41173269183271005,0,1
563,1,0,0,1,1,0.06496338520845074,-0.5544873301529852,-0.16364413855496537,0.2732312961117544,0.41173269183271005,1,1
564,1,1,2,0,0,0.5562753339649946,-0.5544873301529852,1.3356648542406693,0.2732312961117544,-2.428760260810931,2,0
565,1,1,0,1,0,-0.15341568371201378,-0.5544873301529852,-0.3064354712021687,0.2732312961117544,0.41173269183271005,0,1
566,1,0,0,0,0,-0.3391935262895132,-0.5544873301529852,-0.9013993572321825,0.2732312961117544,0.41173269183271005,2,1
567,1,1,3,0,0,-0.3282172340031883,0.30054546442347974,-0.2707376380403678,0.2732312961117544,-2.428760260810931,0,0
568,0,0,0,0,0,-0.49564664768414457,-0.5544873301529852,-1.627255298188799,0.2732312961117544,0.41173269183271005,2,0
569,1,1,0,0,0,-0.3665523443763231,0.15142774504934423,-0.49682391473177306,0.2732312961117544,-2.428760260810931,2,0
570,1,1,1,0,0,-0.32543220461710587,0.04403562605054023,0.47891685835744946,0.2732312961117544,0.41173269183271005,2,1
571,1,1,0,0,0,-0.04709309126686639,-0.05822629618080497,0.2290320262248437,0.2732312961117544,-2.428760260810931,2,0
572,1,1,2,0,0,1.8450886386891463,-0.5544873301529852,1.537952575490874,0.2732312961117544,0.41173269183271005,2,1
573,1,1,2,1,0,0.11820659406002686,0.0012839863217169861,0.49081613607804975,2.1372759162519452,0.41173269183271005,1,0
574,1,1,3,0,0,0.16424149155938958,-0.5544873301529852,0.05054286041583959,0.2732312961117544,0.41173269183271005,1,0
575,1,1,2,0,0,-0.36769912118235704,-0.3968192828330851,-0.44922680384937197,-4.014071330210684,0.41173269183271005,2,1
576,1,1,0,0,0,-0.37949453975870623,0.2013616602526098,-0.11604702767256427,0.2732312961117544,-2.428760260810931,1,0
577,1,0,0,0,0,-0.3562313531220176,0.3822865995849898,-0.4254282484081714,0.2732312961117544,0.41173269183271005,2,1
578,1,1,1,0,0,-0.5932865014550349,0.20888594884488268,-0.46112608156997226,0.2732312961117544,0.41173269183271005,0,1
579,1,0,0,0,0,-0.3639311402482455,0.4431649345588341,0.1814349153424426,0.2732312961117544,0.41173269183271005,2,1
580,1,1,2,0,0,0.18619407613203942,-0.5544873301529852,0.7050031350488547,0.2732312961117544,0.41173269183271005,1,1
581,1,0,0,0,0,-0.584439937522773,11.018210537880554,-0.6634138028201769,0.2732312961117544,0.41173269183271005,2,0
582,0,1,0,0,0,-0.3665523443763231,-0.5544873301529852,-1.3059747997325917,0.2732312961117544,0.41173269183271005,1,1
583,1,1,1,0,0,-0.5772316261705597,-0.5544873301529852,-1.0084928567175848,0.2732312961117544,0.41173269183271005,0,0
584,1,1,1,0,0,-0.4286421171601611,0.10115181672824809,0.002945749533438485,0.2732312961117544,-2.428760260810931,0,0
585,1,1,1,0,0,-0.1835595311849061,0.4715520233387727,0.31232697026904566,-4.014071330210684,0.41173269183271005,0,0
586,1,1,0,0,0,-0.5089164935825374,-0.03394336481483337,-0.49682391473177306,0.2732312961117544,0.41173269183271005,2,1
587,0,0,0,1,0,-0.5305414276391776,-0.5544873301529852,-0.9013993572321825,0.2732312961117544,0.41173269183271005,1,1
588,1,0,0,0,0,-0.10705313569664134,-0.5544873301529852,-0.6158166919377758,0.2732312961117544,0.41173269183271005,1,1
589,1,1,2,0,1,-0.4386354578984569,-0.5544873301529852,-0.4730253592905725,0.2732312961117544,-2.428760260810931,1,0
590,1,1,0,0,0,-0.3937473372051281,0.6138294803562965,-1.0679892453205864,-2.5228356340985316,0.41173269183271005,1,1
591,1,1,2,0,1,0.09772843680942066,-0.5544873301529852,0.7050031350488547,-1.5908133240284363,0.41173269183271005,1,0
592,1,0,3,0,1,0.6476898279317007,-0.5544873301529852,1.7402402967410786,0.2732312961117544,0.41173269183271005,1,1
593,1,1,0,0,0,-0.2530214405789623,0.5741559586879486,-0.044651361348962616,-2.5228356340985316,0.41173269183271005,0,1
594,1,1,0,0,1,1.7556400478184984,-0.5544873301529852,1.3594634096818698,0.2732312961117544,0.41173269183271005,2,1
595,1,0,0,1,0,-0.2572808972870884,-0.5544873301529852,-0.4254282484081714,0.2732312961117544,0.41173269183271005,0,1
596,1,1,2,1,1,0.16047351062527804,-0.21247421232239924,0.49081613607804975,0.2732312961117544,0.41173269183271005,0,0
597,1,0,0,0,0,-0.39587706555919117,-0.5544873301529852,-0.6872123582613775,0.2732312961117544,-2.428760260810931,1,0
598,1,1,0,0,1,0.7469679342826396,-0.5544873301529852,0.40752119203384785,0.2732312961117544,0.41173269183271005,0,1
599,1,1,2,0,0,0.061686880048353744,-0.5544873301529852,0.5503125246810512,0.2732312961117544,0.41173269183271005,2,1
600,0,0,3,0,0,-0.8170718038896595,13.696173250494041,2.4303984045358944,-2.5228356340985316,0.41173269183271005,2,0
601,1,1,0,1,0,-0.4111128145536422,0.4004132948300108,0.11003924901884096,0.2732312961117544,0.41173269183271005,0,1
602,1,1,3,0,0,0.04907233518198032,-0.5544873301529852,-0.21124124943736647,0.2732312961117544,0.41173269183271005,2,1
603,1,0,0,0,0,-0.2830014627938498,0.916511089636365,0.31232697026904566,0.2732312961117544,0.41173269183271005,0,1
604,0,1,1,0,0,1.0806799848385182,-0.5544873301529852,4.167692951743534,0.2732312961117544,0.41173269183271005,1,1
605,1,1,0,1,0,-0.4920424920080379,0.7451625176032415,-0.21124124943736647,-2.5228356340985316,0.41173269183271005,2,0
606,1,1,1,0,0,-0.3282172340031883,0.30054546442347974,0.3242262479896459,0.2732312961117544,0.41173269183271005,1,1
607,1,1,2,1,0,-0.23205180755434157,-0.07190682089402842,0.1338378044600415,0.2732312961117544,0.41173269183271005,0,1
608,1,1,0,0,0,-0.355739877348003,0.11243824961665744,-0.44922680384937197,0.2732312961117544,0.41173269183271005,0,1
609,0,0,0,0,0,-0.4101298630056131,-0.5544873301529852,-0.8895000795115822,0.2732312961117544,0.41173269183271005,0,1
610,1,1,3,0,0,-0.21255660185176448,-0.5544873301529852,-1.2583776888501907,-2.5228356340985316,0.41173269183271005,0,1
611,1,1,1,0,0,0.437174371395469,-0.4724041818736446,1.276168465637668,0.2732312961117544,0.41173269183271005,2,1
612,1,1,2,0,0,0.35706382023109756,-0.5544873301529852,0.49081613607804975,0.2732312961117544,0.41173269183271005,2,1
613,0,0,0,0,1,-0.13441195378345122,-0.5544873301529852,-0.1517448608343651,0.2732312961117544,-2.428760260810931,1,0
